{
    "rmse": 0.7376162062010078,
    "mae": 0.6082045334642301,
    "r2": 0.07563125220006561
}