{
    "rmse": 0.7748965892053237,
    "mae": 0.6273721996077571,
    "r2": 0.04535661290427084
}