{
    "rmse": 0.7707187587094352,
    "mae": 0.5985561124150955,
    "r2": 0.17701859301498035
}